{"num_params":6881282,"_wandb":{"runtime":2},"_runtime":2.230109208,"_timestamp":1.767117132215534e+09,"_step":0}