{"num_params":6881282,"_timestamp":1.7671167382707992e+09,"_step":0,"_runtime":2.167344959,"_wandb":{"runtime":2}}