{"num_params":6881282,"_timestamp":1.767118210944447e+09,"_step":0,"_runtime":2.29010325,"_wandb":{"runtime":2}}