{"_wandb":{"runtime":2},"_runtime":2.036163667,"num_params":6881282,"_timestamp":1.767117020276993e+09,"_step":0}