{"_wandb":{"runtime":2},"_runtime":2.621052875,"_timestamp":1.7671166096416378e+09,"_step":0,"num_params":6881282}