{"num_params":6881282,"_timestamp":1.767116998077366e+09,"_wandb":{"runtime":2},"_runtime":2.107061125,"_step":0}