{"_runtime":2.187715416,"_timestamp":1.767117169272733e+09,"_step":0,"num_params":6881282,"_wandb":{"runtime":2}}