{"_wandb":{"runtime":2},"_runtime":2.076136333,"num_params":6881282,"_timestamp":1.767117052161607e+09,"_step":0}