{"_wandb":{"runtime":2},"_runtime":2.3393195,"_step":0,"num_params":6881282,"_timestamp":1.767117070202982e+09}