{"_timestamp":1.7671169754073222e+09,"_step":0,"_wandb":{"runtime":2},"_runtime":2.226457375,"num_params":6881282}